
-- DANE DO TABELI CLIENTS --
INSERT INTO clients (first_name, last_name, address, city) VALUES
('Jan', 'Kowalski', 'Sienkiewicza 3/2', 'Legnica'),
('Anna', 'Nowak', 'Mickiewicza 5', 'Warszawa'),
('Piotr', 'Wisniewski', 'Dluga 7', 'Krakow'),
('Katarzyna', 'Kowalczyk', 'Wojska Polskiego 12', 'Wroclaw'),
('Marek', 'Lewandowski', 'Pilsudskiego 9/4', 'Gdansk'),
('Alicja', 'Dabrowska', 'Slowackiego 21', 'Poznan'),
('Tomasz', 'Wojcik', 'Kosciuszki 15', 'Katowice'),
('Izabela', 'Kaczmarek', 'Lecha 8', 'Szczecin'),
('Karol', 'Mazur', 'Rynek 10/7', 'Bydgoszcz'),
('Magdalena', 'Jankowska', 'Slowianska 4', 'Lublin'),
('Adam', 'Witkowski', 'Kasprowicza 17', 'Bialystok'),
('Natalia', 'Sikorska', 'Wesola 3', 'Kielce'),
('Marcin', 'Zajac', 'Zakopianska 22', 'Gdynia'),
('Paulina', 'Piotrowska', 'Klonowa 14/5', 'Czestochowa'),
('Lukasz', 'Grabowski', 'Piekna 11', 'Radom'),
('Klaudia', 'Michalska', 'Narutowicza 6/8', 'Olsztyn'),
('Rafal', 'Kubiak', 'Malczewskiego 30', 'Torun'),
('Dominika', 'Szymanska', 'Mazowiecka 9', 'Rzeszow'),
('Jacek', 'Borowski', 'Sienkiewicza 8', 'Opole'),
('Monika', 'Klimek', 'Koscielna 5', 'Zielona Gora'),
('Dawid', 'Pawlak', 'Lubelska 20', 'Tarnow'),
('Patrycja', 'Nowicka', 'Grunwaldzka 2', 'Chorzow'),
('Artur', 'Czarnecki', 'Zamkowa 12', 'Sosnowiec'),
('Agata', 'Kaczor', 'Piastowska 7', 'Kalisz'),
('Przemyslaw', 'Kowal', 'Slowackiego 15', 'Legionowo'),
('Wiktoria', 'Wrona', 'Polna 3', 'Pruszkow'),
('Sebastian', 'Lis', 'Klonowa 9/4', 'Elblag'),
('Kamila', 'Sobczyk', 'Paderewskiego 14', 'Ruda Slaska'),
('Radoslaw', 'Konieczny', 'Swietojanska 11', 'Bielsko-Biala'),
('Marta', 'Jozwiak', 'Marszalkowska 22', 'Ostrow Wielkopolski'),
('Szymon', 'Kaczorowski', 'Pilsudskiego 30/5', 'Konin'),
('Aleksandra', 'Wojcicka', 'Dabrowskiego 8', 'Suwalki'),
('Bartlomiej', 'Sawicki', 'Szkolna 14', 'Plock'),
('Oliwia', 'Majewska', 'Kopernika 7/2', 'Leszno'),
('Krzysztof', 'Lipinski', 'Zeromskiego 16', 'Cieszyn'),
('Aneta', 'Dudek', 'Reymonta 5', 'Pila'),
('Wojciech', 'Tomaszewski', 'Slowianska 12', 'Nowy Sacz'),
('Nikola', 'Bialek', 'Mazurska 3', 'Wejherowo'),
('Michal', 'Gorecki', 'Podwale 6', 'Tychy'),
('Emilia', 'Sobota', 'Pilsudskiego 18', 'Rybnik'),
('Kacper', 'Mazurek', 'Prusa 9', 'Dabrowa Gornicza'),
('Ola', 'Sowinska', 'Widokowa 11', 'Tarnobrzeg'),
('Daniel', 'Rutkowski', 'Batorego 5', 'Olkusz'),
('Kinga', 'Krajewska', 'Zwirki i Wigury 14', 'Jastrzebie-Zdroj'),
('Pawel', 'Pietrzak', 'Kosciuszki 7', 'Gniezno'),
('Marcelina', 'Urban', 'Czarnieckiego 20/3', 'Zabrze'),
('Dariusz', 'Sikora', 'Lubuska 2', 'Lomza'),
('Ewa', 'Klimek', 'Zielona 6', 'Inowroclaw'),
('Maciej', 'Stepien', 'Slowianska 10', 'Boleslawiec'),
('Aleksandra', 'Kowalik', 'Mikolowska 8', 'Koszalin'),
('Tadeusz', 'Zawadzki', 'Sobieskiego 16', 'Krotoszyn'),
('Martyna', 'Witkowska', 'Lecha 5', 'Legionowo'),
('Arkadiusz', 'Piotrowski', 'Zielona 3', 'Gorzow Wielkopolski'),
('Nina', 'Wilk', 'Jana Pawla II 12/4', 'Leczna'),
('Kamil', 'Zakrzewski', 'Olszynska 7', 'Krosno'),
('Julia', 'Kaczmarek', 'Malczewskiego 28', 'Ostroleka'),
('Marek', 'Sikora', 'Sienkiewicza 11', 'Myslowice'),
('Weronika', 'Lis', 'Mazowiecka 9', 'Gliwice'),
('Piotr', 'Wojciechowski', 'Pilsudskiego 15', 'Rumia'),
('Natalia', 'Pawlowska', 'Krasickiego 18', 'Bielsk Podlaski'),
('Krzysztof', 'Gorski', 'Prusa 14', 'Skierniewice'),
('Dominika', 'Mazurek', 'Piastowska 20', 'Kety'),
('Tomasz', 'Witkowski', 'Podwale 10', 'Czechowice-Dziedzice'),
('Patryk', 'Kowalczyk', 'Jana III Sobieskiego 7', 'Raciborz'),
('Adrianna', 'Nowakowska', 'Ziemowita 11', 'Luban'),
('Artur', 'Szczepanski', 'Zielona 7', 'Pulawy'),
('Klaudia', 'Sobota', 'Slowianska 12/5', 'Piaseczno'),
('Damian', 'Kaczorowski', 'Sienkiewicza 16', 'Zakopane'),
('Alicja', 'Rutkowska', 'Mickiewicza 14', 'Przemysl'),
('Bartosz', 'Majewski', 'Kopernika 9', 'Sandomierz'),
('Karolina', 'Jaworska', 'Wyspianskiego 2', 'Braniewo'),
('Marcin', 'Piotrowicz', 'Krasinskiego 6', 'Sieradz'),
('Justyna', 'Wrona', 'Mlynska 10', 'Sulejowek'),
('Rafał', 'Nowicki', 'Lecha 13', 'Radzionkow'),
('Natalia', 'Szymczak', 'Sienkiewicza 5', 'Nowa Sol'),
('Łukasz', 'Gorka', 'Zamkowa 14/3', 'Wodzislaw Slaski'),
('Dominik', 'Witczak', 'Narutowicza 8', 'Ketrzyn'),
('Izabela', 'Duda', 'Sobieskiego 10', 'Ostrow Mazowiecka'),
('Kamil', 'Jozwiak', 'Grunwaldzka 16', 'Krapkowice'),
('Anna', 'Sobczyk', 'Kopernika 30', 'Pisz'),
('Kacper', 'Kubiak', 'Kosciuszki 12', 'Mragowo'),
('Marta', 'Kowalczyk', 'Kosciuszki 14/2', 'Czluchow'),
('Krzysztof', 'Kaczor', 'Dabrowskiego 18', 'Chelm'),
('Agnieszka', 'Pawlik', 'Lechicka 3', 'Zory'),
('Sebastian', 'Nowak', 'Paderewskiego 16', 'Wejherowo'),
('Laura', 'Klimczak', 'Mokra 9', 'Goleniow'),
('Bartłomiej', 'Kowalski', 'Wojska Polskiego 3', 'Elk'),
('Wiktoria', 'Dabrowska', 'Klonowa 20', 'Tomaszow Lubelski'),
('Robert', 'Szymanski', 'Podlesna 6', 'Myslenice'),
('Dominika', 'Borowska', 'Zwirki i Wigury 16', 'Kety'),
('Damian', 'Zakrzewski', 'Sienkiewicza 9', 'Zabkowice Slaskie'),
('Maja', 'Wojcik', 'Mazurska 14', 'Piotrkow Trybunalski'),
('Kacper', 'Kowalik', 'Wysoka 18', 'Bytom'),
('Aleksandra', 'Krajewska', 'Lubelska 4', 'Zamosc'),
('Piotr', 'Sobczak', 'Grunwaldzka 10', 'Biala Podlaska'),
('Oliwia', 'Sikora', 'Mickiewicza 7', 'Sulechow'),
('Michał', 'Rutkowski', 'Rynek 9', 'Koscian'),
('Emilia', 'Sawicka', 'Lecha 4', 'Swidnica'),
('Marcin', 'Zielinski', 'Marszalkowska 30', 'Kolobrzeg'),
('Angelika', 'Majewska', 'Kasprowicza 9', 'Jaroslaw'),
('Jan', 'Bialy', 'Wesola 11', 'Swiebodzin'),
('Iga', 'Pawlak', 'Sobieskiego 6', 'Wloclawek'),
('Krzysztof', 'Dudek', 'Polna 4', 'Siedlce'),
('Adrian', 'Wrona', 'Dluga 6', 'Lask'),
('Patryk', 'Piotrowski', 'Slowackiego 15', 'Zgierz'),
('Gabriela', 'Gorska', 'Pilsudskiego 10', 'Olesnica'),
('Weronika', 'Klimczak', 'Narutowicza 3', 'Skierniewice'),
('Bartosz', 'Czarnecki', 'Mazowiecka 14/5', 'Gniezno'),
('Martyna', 'Jaworska', 'Kosciuszki 22', 'Nowy Dwor Gdanski'),
('Tomasz', 'Krajewski', 'Reja 8', 'Leczyca'),
('Julia', 'Kowal', 'Dabrowskiego 16', 'Jawor'),
('Marek', 'Lis', 'Jana Pawla II 14', 'Krotoszyn'),
('Klaudia', 'Klimek', 'Lipowa 7', 'Brzeg'),
('Patryk', 'Mazurek', 'Pilsudskiego 7', 'Swidwin');

-- Dane do tabeli accounts --

INSERT INTO accounts (account_number, balance, client_id) VALUES
('PL01234567890123456789012', 1000.50, 1),
('PL11234567890123456789012', 500.25, 2),
('PL21234567890123456789012', 2500.00, 3),
('PL31234567890123456789012', 750.75, 4),
('PL41234567890123456789012', 3000.00, 5),
('PL51234567890123456789012', 1500.00, 6),
('PL61234567890123456789012', 200.50, 7),
('PL71234567890123456789012', 4000.00, 8),
('PL81234567890123456789012', 100.25, 9),
('PL91234567890123456789012', 800.75, 10),
('PLA1234567890123456789012', 1500.00, 11),
('PLB1234567890123456789012', 250.50, 12),
('PLC1234567890123456789012', 1800.25, 13),
('PLD1234567890123456789012', 5000.00, 14),
('PLE1234567890123456789012', 1200.75, 15),
('PLF1234567890123456789012', 700.00, 16),
('PLG1234567890123456789012', 350.25, 17),
('PLH1234567890123456789012', 9000.00, 18),
('PLI1234567890123456789012', 80.50, 19),
('PLJ1234567890123456789012', 1200.25, 20),
('PLK1234567890123456789012', 2500.00, 21),
('PLL1234567890123456789012', 1600.75, 22),
('PLM1234567890123456789012', 300.00, 23),
('PLN1234567890123456789012', 500.25, 24),
('PLO1234567890123456789012', 4500.00, 25),
('PLP1234567890123456789012', 800.50, 26),
('PLQ1234567890123456789012', 150.25, 27),
('PLR1234567890123456789012', 2000.00, 28),
('PLS1234567890123456789012', 70.75, 29),
('PLT1234567890123456789012', 900.00, 30),
('PLU1234567890123456789012', 2200.50, 31),
('PLV1234567890123456789012', 1350.25, 32),
('PLW1234567890123456789012', 450.00, 33),
('PLX1234567890123456789012', 900.25, 34),
('PLY1234567890123456789012', 6000.00, 35),
('PLZ1234567890123456789012', 1000.50, 36),
('PLA2234567890123456789012', 300.25, 37),
('PLB2234567890123456789012', 2500.00, 38),
('PLC2234567890123456789012', 850.75, 39),
('PLD2234567890123456789012', 1800.00, 40),
('PLF2234567890123456789012', 4000.25, 42),
('PLG2234567890123456789012', 1100.00, 43),
('PLH2234567890123456789012', 700.25, 44),
('PLI2234567890123456789012', 2000.00, 45),
('PLJ2234567890123456789012', 550.75, 46),
('PLK2234567890123456789012', 2400.00, 47),
('PLL2234567890123456789012', 950.50, 48),
('PLM2234567890123456789012', 3000.25, 49),
('PLA3234567890123456789012', 850.00, 50),
('PLB3234567890123456789012', 1700.25, 51),
('PLC3234567890123456789012', 120.50, 52),
('PLD3234567890123456789012', 2400.00, 53),
('PLE3234567890123456789012', 1900.75, 54),
('PLF3234567890123456789012', 400.00, 55),
('PLG3234567890123456789012', 330.25, 56),
('PLH3234567890123456789012', 2800.00, 57),
('PLI3234567890123456789012', 200.50, 58),
('PLJ3234567890123456789012', 1200.25, 59),
('PLK3234567890123456789012', 2500.00, 60),
('PLL3234567890123456789012', 1600.75, 61),
('PLM3234567890123456789012', 300.00, 62),
('PLN3234567890123456789012', 500.25, 63),
('PLO3234567890123456789012', 4500.00, 64),
('PLP3234567890123456789012', 800.50, 65),
('PLQ3234567890123456789012', 150.25, 66),
('PLR3234567890123456789012', 2000.00, 67),
('PLS3234567890123456789012', 70.75, 68),
('PLT3234567890123456789012', 900.00, 69),
('PLU3234567890123456789012', 2200.50, 70),
('PLV3234567890123456789012', 1350.25, 71),
('PLW3234567890123456789012', 450.00, 72),
('PLX3234567890123456789012', 900.25, 73),
('PLY3234567890123456789012', 6000.00, 74),
('PLZ3234567890123456789012', 1000.50, 75),
('PLA4234567890123456789012', 300.25, 76),
('PLB4234567890123456789012', 2500.00, 77),
('PLC4234567890123456789012', 850.75, 78),
('PLD4234567890123456789012', 1800.00, 79),
('PLF4234567890123456789012', 4000.25, 80),
('PLG4234567890123456789012', 1100.00, 81),
('PLH4234567890123456789012', 700.25, 82),
('PLI4234567890123456789012', 2000.00, 83),
('PLJ4234567890123456789012', 550.75, 84),
('PLK4234567890123456789012', 2400.00, 85),
('PLL4234567890123456789012', 950.50, 86),
('PLM4234567890123456789012', 3000.25, 87),
('PLN4234567890123456789012', 750.00, 88),
('PLO4234567890123456789012', 1600.25, 89),
('PLP4234567890123456789012', 300.50, 90),
('PLQ4234567890123456789012', 7000.00, 91),
('PLR4234567890123456789012', 1100.25, 92),
('PLS4234567890123456789012', 2500.00, 93),
('PLT4234567890123456789012', 1800.75, 94),
('PLU4234567890123456789012', 700.00, 95),
('PLV4234567890123456789012', 400.25, 96),
('PLW4234567890123456789012', 3000.00, 97),
('PLX4234567890123456789012', 50.25, 98),
('PLY4234567890123456789012', 1500.00, 99),
('PLZ4234567890123456789012', 1200.50, 100),
('PLA5234567890123456789012', 900.25, 101),
('PLB5234567890123456789012', 6000.00, 102),
('PLC5234567890123456789012', 1000.50, 103),
('PLD5234567890123456789012', 300.25, 104),
('PLE5234567890123456789012', 2500.00, 105),
('PLF5234567890123456789012', 850.75, 106),
('PLG5234567890123456789012', 1800.00, 107),
('PLH5234567890123456789012', 4000.25, 108),
('PLI5234567890123456789012', 1100.00, 109),
('PLJ5234567890123456789012', 700.25, 110),
('PLK5234567890123456789012', 2000.00, 111),
('PLL5234567890123456789012', 550.75, 112),
('PLM5234567890123456789012', 2400.00, 113),
('PLN5234567890123456789012', 950.50, 114);

-- Dane do tabeli departments --

INSERT INTO departments(id, department_name, address) VALUES
(1, 'Oddzial poludniowy', 'Lotnicza 3, Wroclaw'),
(2, 'Oddzial polnocny', 'Zamkowa 17, Gdansk'),
(3, 'Oddzial zachodni', 'Kolejowa 8, Zgorzelec'),
(4, 'Oddzial wschodni', 'Armii Krajowej 69, Lublin'),
(5, 'Oddzial centralny', 'Piotrkowska 4, Lodz');


-- Dane do tabelii employees --
INSERT INTO employees(first_name, last_name, position, department_id) VALUES
('Pawel', 'Jumper', 'Prezes', 5),
('Anna', 'Kowalska', 'Dyrektor Finansowy', 2),
('Michał', 'Nowak', 'Kierownik Projektu', 3),
('Katarzyna', 'Lis', 'Specjalista ds. Marketingu', 1),
('Marcin', 'Kowalczyk', 'Analityk Biznesowy', 4),
('Magdalena', 'Szymańska', 'Kierownik Działu Kadr', 5),
('Bartosz', 'Wójcik', 'Inżynier Oprogramowania', 2),
('Natalia', 'Kaczmarek', 'Specjalista ds. Sprzedaży', 1),
('Piotr', 'Lewandowski', 'Kierownik Działu IT', 3),
('Aleksandra', 'Witkowska', 'Analityk Finansowy', 4),
('Krzysztof', 'Zając', 'Inżynier ds. Jakości', 5),
('Marta', 'Mazurek', 'Specjalista ds. Obsługi Klienta', 2),
('Tomasz', 'Wrona', 'Kierownik Projektu', 3),
('Monika', 'Grabowska', 'Inżynier Oprogramowania', 1),
('Łukasz', 'Sikorski', 'Dyrektor Sprzedaży', 4),
('Ewa', 'Duda', 'Analityk Biznesowy', 5),
('Wojciech', 'Pawlak', 'Kierownik Działu IT', 2),
('Kamila', 'Klimek', 'Specjalista ds. Marketingu', 3),
('Adam', 'Górecki', 'Analityk Finansowy', 1),
('Karolina', 'Jankowska', 'Inżynier ds. Jakości', 4),
('Rafał', 'Czarnecki', 'Kierownik Działu Kadr', 5),
('Dominika', 'Rutkowska', 'Inżynier Oprogramowania', 2),
('Szymon', 'Majewski', 'Specjalista ds. Obsługi Klienta', 3),
('Justyna', 'Konieczna', 'Kierownik Projektu', 1),
('Artur', 'Borowski', 'Dyrektor Finansowy', 4),
('Alicja', 'Jóźwiak', 'Analityk Biznesowy', 5),
('Radosław', 'Sobota', 'Kierownik Działu IT', 2),
('Agnieszka', 'Kaczor', 'Inżynier ds. Jakości', 3),
('Mateusz', 'Sowiński', 'Specjalista ds. Sprzedaży', 1),
('Kinga', 'Tomaszewska', 'Analityk Finansowy', 4),
('Grzegorz', 'Lipiński', 'Kierownik Działu Kadr', 5),
('Natalie', 'Rogowska', 'Inżynier Oprogramowania', 2),
('Igor', 'Stępień', 'Specjalista ds. Obsługi Klienta', 3),
('Sylwia', 'Wojciechowska', 'Kierownik Projektu', 1),
('Oskar', 'Sobczyk', 'Dyrektor Sprzedaży', 4),
('Julia', 'Zielińska', 'Analityk Biznesowy', 5),
('Daniel', 'Pietrzak', 'Kierownik Działu IT', 2),
('Maja', 'Sikora', 'Inżynier ds. Jakości', 3),
('Kamil', 'Majchrzak', 'Specjalista ds. Marketingu', 1),
('Joanna', 'Czerwińska', 'Analityk Finansowy', 4),
('Arkadiusz', 'Jastrzębski', 'Kierownik Działu Kadr', 5),
('Marlena', 'Kowalczyk', 'Inżynier Oprogramowania', 2),
('Sebastian', 'Głowacki', 'Specjalista ds. Obsługi Klienta', 3),
('Patrycja', 'Michalska', 'Kierownik Projektu', 1),
('Robert', 'Janowski', 'Dyrektor Finansowy', 4),
('Izabela', 'Włodarczyk', 'Analityk Biznesowy', 5),
('Adrian', 'Łukasiewicz', 'Kierownik Działu IT', 2),
('Klaudia', 'Król', 'Inżynier ds. Jakości', 3),
('Radosław', 'Kowal', 'Specjalista ds. Sprzedaży', 1);

-- Dane do tabeli transaction_type --

INSERT INTO transaction_type (transaction_name) 
VALUES ('przelew przychodzacy'),
('przelew wychodzacy');

INSERT INTO transaction_type (transaction_name) 
VALUES ('zwrot');


INSERT INTO transaction_type (transaction_name) 
VALUES ('platnosc karta');


INSERT INTO transaction_type (transaction_name) 
VALUES ('przelew telefonem przychodzacy'),
('przelew telefonem wychodzacy');


INSERT INTO transaction_type (transaction_name) 
VALUES ('przelew natychmiastowy przychodzacy'),
('przelew natychmiastowy wychodzacy');

-- Dane do tabeli transactions --

INSERT INTO transactions(amount, type_id, account_id)
VALUES(10.99, 3, 5),
(15.25, 2, 10),
(27.50, 4, 23),
(8.75, 6, 5),
(45.30, 1, 17),
(12.60, 3, 42),
(33.40, 7, 29),
(19.75, 5, 8),
(22.20, 8, 33),
(7.90, 2, 16),
(18.15, 1, 25),
(11.50, 4, 21),
(29.80, 6, 12),
(14.25, 3, 36),
(37.90, 7, 24),
(20.10, 5, 46),
(25.75, 8, 39),
(9.30, 2, 14),
(16.40, 1, 28),
(6.70, 4, 43),
(30.50, 6, 19),
(13.85, 3, 32),
(38.60, 7, 3),
(21.20, 5, 37),
(26.95, 8, 9),
(10.10, 2, 15),
(17.70, 1, 31),
(7.40, 4, 48);
/*
(31.75, 6, 22),
(15.90, 3, 47),
(39.30, 7, 13),
(22.65, 5, 26),
(28.20, 8, 40),
(8.55, 2, 2),
(18.80, 1, 35),
(11.15, 4, 18),
(32.40, 6, 7),
(14.70, 3, 30),
(40.05, 7, 45),
(23.30, 5, 20),
(29.95, 8, 34),
(9.80, 2, 44),
(16.95, 1, 1),
(7.10, 4, 38),
(33.85, 6, 11),
(19.50, 3, 25),
(25.05, 8, 16),
(10.40, 2, 41),
(17.50, 1, 6),
/*
(8.05, 4, 27),
(34.50, 6, 4),
(20.75, 3, 47),
(26.30, 7, 10),
(12.75, 3, 21),
(28.30, 7, 12),
(9.50, 5, 36),
(14.20, 8, 24),
(34.95, 2, 46),
(19.10, 1, 39),
(25.65, 4, 9),
(10.80, 6, 15),
(17.40, 3, 31),
(8.15, 4, 48),
(35.80, 6, 22),
(21.45, 3, 47),
(27.00, 7, 13),
(11.25, 5, 26),
(15.80, 8, 40),
(6.95, 2, 2),
(32.50, 1, 35),
(18.15, 4, 18),
(23.70, 6, 7),
(9.35, 3, 30),
(16.00, 1, 45),
(40.65, 7, 20),
(24.30, 5, 34),
(29.85, 8, 44),
(10.70, 2, 1),
(17.25, 1, 113),
(7.60, 4, 111),
(33.15, 6, 114),
(19.80, 3, 108),
(26.35, 7, 102),
(12.90, 5, 6),
(15.45, 8, 101),
(36.10, 2, 4),
(20.50, 1, 100),
(25.05, 4, 110),
(10.20, 6, 103),
(16.75, 3, 106),
(31.30, 7, 14),
(14.40, 5, 19),
(39.95, 8, 10),
(23.10, 2, 12),
(28.65, 1, 15),
(9.80, 4, 18),
(35.25, 6, 7),
(21.90, 3, 30),
(26.45, 7, 15),
(11.50, 5, 112),
(16.05, 8, 41),
(7.30, 2, 6),
(32.85, 1, 27),
(18.40, 4, 4),
(24.95, 6, 37),
(30.50, 3, 11),
(13.15, 7, 38),
(15.70, 5, 1),
(37.35, 8, 35),
(22.80, 2, 44),
(28.35, 1, 68),
(8.90, 4, 78),
(34.45, 6, 55),
(19.60, 3, 19),
(25.15, 7, 9),
(10.50, 5, 11),
(17.05, 8, 21);
*/
-- Dane do tabeli credit_card --

INSERT INTO Credit_Card (card_number, expiry_date, client_id, producent_name)
VALUES    ('1234567890123456', '2025-12-25', 1, 'Visa'),
    ('9876543210987654', '2024-06-24', 2, 'MasterCard'),
    ('1111222233334444', '2023-09-23', 3, 'American Express'),
    ('5555666677778888', '2026-03-26', 4, 'Discover'),
    ('9999888877776666', '2028-01-28', 5, 'Visa'),
    ('1111222233334444', '2025-12-25', 6, 'MasterCard'),
    ('9876543210987654', '2024-06-24', 7, 'American Express'),
    ('5555666677778888', '2023-09-23', 8, 'Discover'),
    ('9999888877776666', '2026-03-26', 9, 'Visa'),
    ('1111222233334444', '2028-01-28', 10, 'MasterCard'),
    ('9876543210987654', '2025-12-25', 11, 'American Express'),
    ('5555666677778888', '2024-06-24', 12, 'Discover'),
    ('9999888877776666', '2023-09-23', 13, 'Visa'),
    ('1111222233334444', '2026-03-26', 14, 'MasterCard'),
    ('9876543210987654', '2024-01-28', 15, 'American Express'),
    ('5555666677778888', '2025-12-25', 16, 'Discover'),
    ('9999888877776666', '2026-06-24', 17, 'Visa'),
    ('1111222233334444', '2023-09-23', 18, 'MasterCard'),
    ('9876543210987654', '2024-03-26', 19, 'American Express'),
    ('5555666677778888', '2023-01-28', 20, 'Discover'),
    ('9999888877776666', '2025-12-25', 21, 'Visa'),
    ('1111222233334444', '2024-06-24', 22, 'MasterCard'),
    ('9876543210987654', '2023-09-23', 23, 'American Express'),
    ('5555666677778888', '2026-03-26', 24, 'Discover'),
    ('9999888877776666', '2028-01-28', 25, 'Visa'),
    ('1111222233334444', '2025-12-25', 26, 'MasterCard'),
    ('9876543210987654', '2024-06-24', 27, 'American Express'),
    ('5555666677778888', '2023-09-23', 28, 'Discover'),
    ('9999888877776666', '2026-03-26', 29, 'Visa'),
    ('1111222233334444', '2028-01-28', 30, 'MasterCard'),
    ('9876543210987654', '2025-12-25', 31, 'American Express'),
    ('5555666677778888', '2024-06-24', 32, 'Discover'),
    ('9999888877776666', '2023-09-23', 33, 'Visa'),
    ('1111222233334444', '2026-03-26', 34, 'MasterCard'),
    ('9876543210987654', '2024-01-28', 35, 'American Express'),
    ('5555666677778888', '2025-12-25', 36, 'Discover'),
    ('9999888877776666', '2026-06-24', 37, 'Visa'),
    ('1111222233334444', '2023-09-23', 38, 'MasterCard'),
    ('9876543210987654', '2024-03-26', 39, 'American Express'),
    ('5555666677778888', '2023-01-28', 40, 'Discover'),
    ('9999888877776666', '2025-12-25', 41, 'Visa'),
    ('1111222233334444', '2024-06-24', 42, 'MasterCard'),
    ('9876543210987654', '2023-09-23', 43, 'American Express'),
    ('5555666677778888', '2026-03-26', 44, 'Discover'),
    ('9999888877776666', '2028-01-28', 45, 'Visa'),
    ('1111222233334444', '2025-12-25', 46, 'MasterCard'),
    ('9876543210987654', '2024-06-24', 47, 'American Express'),
    ('5555666677778888', '2023-09-23', 48, 'Discover'),
    ('1234567850123456', '2025-12-25', 49, 'Visa'),
	('9876543210987654', '2024-06-24', 50, 'MasterCard'),
	('1111222233334444', '2023-09-23', 51, 'American Express'),
	('5555666277778888', '2026-03-26', 52, 'Discover'),
	('9999881877776666', '2028-01-28', 53, 'Visa'),
	('1111322233334444', '2025-12-25', 54, 'MasterCard'),
	('9876843210987654', '2024-06-24', 55, 'American Express'),
	('5555666647778888', '2023-09-23', 56, 'Discover'),
	('9999888827776666', '2026-03-26', 57, 'Visa'),
	('1111222263334444', '2028-01-28', 58, 'MasterCard'),
	('9876541210987654', '2025-12-25', 59, 'American Express'),
	('5555662677778888', '2024-06-24', 60, 'Discover'),
    ('1234567800123456', '2025-12-25', 61, 'Visa'),
    ('9876543200987654', '2024-06-24', 62, 'MasterCard'),
    ('1111222203334444', '2023-09-23', 63, 'American Express'),
    ('5555666607778888', '2026-03-26', 64, 'Discover'),
    ('9999888807776666', '2028-01-28', 65, 'Visa'),
    ('1111222203334444', '2025-12-25', 66, 'MasterCard'),
    ('9876543280987654', '2024-06-24', 67, 'American Express'),
    ('5855666677778888', '2023-09-23', 68, 'Discover'),
    ('9899888877776666', '2026-03-26', 69, 'Visa'),
    ('1811222233334444', '2028-01-28', 70, 'MasterCard'),
    ('9776543210987654', '2025-12-25', 71, 'American Express'),
    ('5855666677778888', '2024-06-24', 72, 'Discover'),
    ('9899888877776666', '2023-09-23', 73, 'Visa'),
    ('1811222233334444', '2026-03-26', 74, 'MasterCard'),
    ('9876543210687654', '2024-01-28', 75, 'American Express'),
    ('5555666677678888', '2025-12-25', 76, 'Discover'),
    ('9999888877676666', '2026-06-24', 77, 'Visa'),
    ('1111222233634444', '2023-09-23', 78, 'MasterCard'),
    ('9876543210687654', '2024-03-26', 79, 'American Express'),
    ('5555666677678888', '2023-01-28', 80, 'Discover'),
    ('9999888877676666', '2025-12-25', 81, 'Visa'),
    ('1111222233634444', '2024-06-24', 82, 'MasterCard'),
    ('9876543210687654', '2023-09-23', 83, 'American Express'),
    ('5555666677678888', '2026-03-26', 84, 'Discover'),
    ('9999888877676666', '2028-01-28', 85, 'Visa'),
    ('1111222233634444', '2025-12-25', 86, 'MasterCard'),
    ('9876543210987651', '2024-06-24', 87, 'American Express'),
    ('5555666677778881', '2023-09-23', 88, 'Discover'),
    ('9999888877776661', '2026-03-26', 89, 'Visa'),
    ('1111222233334441', '2028-01-28', 90, 'MasterCard'),
    ('9876543210987651', '2025-12-25', 91, 'American Express'),
    ('5555666677778881', '2024-06-24', 92, 'Discover'),
    ('9999888877776661', '2023-09-23', 93, 'Visa'),
    ('1111222233334441', '2026-03-26', 94, 'MasterCard'),
    ('9876543210987651', '2024-01-28', 95, 'American Express'),
    ('5555666677778881', '2025-12-25', 96, 'Discover'),
    ('9999888877776661', '2026-06-24', 97, 'Visa'),
    ('1111222233334441', '2023-09-23', 98, 'MasterCard'),
    ('9876543210987651', '2024-03-26', 99, 'American Express'),
    ('5555666677778881', '2023-01-28', 100, 'Discover'),
    ('9999888277776666', '2025-12-25', 101, 'Visa'),
    ('1111222533334444', '2024-06-24', 102, 'MasterCard'),
    ('9876543510987654', '2023-09-23', 103, 'American Express'),
    ('5555666577778888', '2026-03-26', 104, 'Discover'),
    ('9999888577776666', '2028-01-28', 105, 'Visa'),
    ('1111222533334444', '2025-12-25', 106, 'MasterCard'),
    ('9876543510987654', '2024-06-24', 107, 'American Express'),
    ('5555666577778888', '2023-09-23', 108, 'Discover'),
    ('1234567590123456', '2025-12-25', 109, 'Visa'),
	('9876543510987654', '2024-06-24', 110, 'MasterCard'),
	('1131222233334444', '2023-09-23', 111, 'American Express'),
	('5535666677778888', '2026-03-26', 112, 'Discover'),
	('9939888877776666', '2028-01-28', 113, 'Visa'),
	('1131222233334444', '2025-12-25', 114, 'MasterCard');
	